coord_x,coord_y,confidence_score
3379,3709,0.23905966
692,745,0.21521291
